{"episode_durations": [4000, 4000, 4000, 4000, 4000, 4000, 4000, 4000, 1431, 4000, 4000, 4000, 4000, 4000, 4000, 1658, 4000, 3234, 4000, 4000, 4000, 3198, 1681, 3659, 1747, 1096, 2349, 4000, 3863, 920, 4000, 1958, 3800, 729, 469, 735, 1781, 1669, 691, 689, 463, 279, 1991, 717, 204, 209, 246, 155, 739, 161, 243, 168, 259, 2190, 185, 148, 153, 152, 230, 172, 155, 257, 163, 143, 165, 220, 151, 155, 153, 172, 228, 228, 233, 234, 152, 220, 151, 164, 171, 156, 264, 166, 161], "episode_eps": [0.9499999999999997, 0.9410000000008996, 0.9320900000017821, 0.923269100002646, 0.9145364090034925, 0.9058910449143229, 0.8973321344660351, 0.8888588131222223, 0.880470224991839, 0.872165522742751, 0.8639438675161452, 0.855804428841798, 0.8477463845541853, 0.8397689207094418, 0.8318712315031367, 0.8240525191888873, 0.8163119939977723, 0.808648874058561, 0.8010623853187337, 0.7935517614662977, 0.7861162438523781, 0.7787550814145908, 0.7714675306011731, 0.764252855295883, 0.7571103267436385, 0.7500392234769092, 0.7430388312428402, 0.7361084429311047, 0.72924735850248, 0.7224548849181343, 0.7157303360696256, 0.709073032709595, 0.7024823023831581, 0.6959574793599791, 0.6894979045670249, 0.6831029255219941, 0.6767718962674073, 0.6705041773053599, 0.6642991355329269, 0.6581561441782119, 0.652074582737038, 0.05009570441570143, 0.1543839991746197, 0.14916479921599318, 0.1442065592552926, 0.13949623129262223, 0.13502141972808057, 0.13077034874176152, 0.1267318313047543, 0.12289523973959329, 0.11925047775268655, 0.11578795386512145, 0.11249855617193116, 0.10937362836339706, 0.10640494694528659, 0.10358469959807869, 0.10090546461822833, 0.09836019138736783, 0.09594218181804776, 0.09364507272719134, 0.09146281909087538, 0.08938967813637307, 0.08742019422959381, 0.08554918451815154, 0.0837717252922795, 0.08208313902769927, 0.08047898207634643, 0.07895503297255958, 0.07750728132396056, 0.07613191725779002, 0.07482532139492667, 0.07358405532520515, 0.07240485255896846, 0.07128460993104246, 0.07022037943451165, 0.06920936046280625, 0.06824889243968515, 0.06733644781771914, 0.06646962542685052, 0.06564614415552447, 0.06486383694776389, 0.06412064510039057, 0.06341461284538516], "best": {"step": 63, "actions": [0, 0, 0, 0, 0, 0, 0, 0, 1, 1, 1, 1, 1, 2, 1, 1, 1, 1, 1, 1, 1, 1, 1, 1, 1, 1, 2, 2, 2, 2, 2, 2, 2, 2, 2, 2, 2, 2, 2, 2, 2, 2, 2, 2, 2, 2, 2, 2, 2, 2, 2, 2, 2, 2, 2, 2, 0, 0, 1, 0, 0, 0, 1, 0, 0, 0, 0, 0, 1, 1, 1, 1, 1, 1, 1, 1, 1, 1, 1, 1, 0, 1, 1, 1, 1, 1, 1, 1, 1, 1, 1, 1, 1, 2, 2, 2, 2, 2, 2, 2, 2, 2, 2, 2, 2, 2, 2, 2, 2, 2, 2, 2, 2, 2, 2, 2, 2, 2, 2, 2, 2, 2, 2, 2, 2, 2, 2, 2, 2, 2, 2, 2, 2, 2, 2, 2, 2, 2, 2, 2, 2, 2, 2], "duration": 143}}