{"episode_durations": [21, 47, 17, 27, 14, 17, 18, 12, 10, 12, 18, 10, 17, 9, 10, 11, 9, 8, 11, 10, 9, 9, 11, 10, 10, 12, 10, 9, 12, 10, 8, 10, 10, 10, 11, 11, 15, 11, 11, 10, 11, 11, 9, 10, 11, 12, 9, 10, 12, 10, 9, 9, 10, 9, 10, 11, 9, 9, 9, 10, 10, 10, 9, 8, 9, 10, 10, 10, 10, 11, 11, 9, 11, 11, 10, 11, 11, 10, 10, 11, 11, 11, 12, 10, 13, 9, 12, 10, 13, 14, 13, 14, 13, 18, 19, 12, 13, 9, 10, 9, 9, 10, 10, 10, 10, 20, 15, 9, 10, 11, 9, 9, 10, 10, 9, 8, 12, 10, 30, 27, 33, 29, 31, 39, 31, 34, 60, 45, 36, 96, 73, 47, 98, 48, 77, 47, 102, 61, 65, 69, 101, 91, 43, 64, 127, 168, 90, 85, 141, 58, 61, 86, 141, 113, 93, 297, 98, 92, 78, 148, 102, 111, 73, 136, 142, 92, 97, 97, 89, 114, 142, 103, 79, 140, 73, 103, 111, 130, 89, 84, 75, 78, 80, 78, 90, 67, 73, 62, 58, 65, 58, 100, 69, 62, 86, 74, 76, 67, 164, 82, 84, 175, 413, 388, 1472, 1338, 926, 3325, 275, 205, 153, 162, 288, 294, 195, 198, 117, 142, 191, 152, 159, 158, 1677, 550, 236, 16, 13, 11, 11, 11, 10, 10, 13, 14, 12, 12, 10, 11, 10, 12, 10, 12, 13, 13, 1107, 493, 392, 360, 385, 313, 301], "episode_eps": [0.9499999999999998, 0.8825000000009005, 0.820062500001665, 0.7623078125023102, 0.7088847265653494, 0.659468372073607, 0.613758244168696, 0.5714763758566076, 0.5323656476678834, 0.4961882240932746, 0.4627241072867251, 0.43176979924063347, 0.40313706429796775, 0.3766517844759733, 0.35215290064060195, 0.32949143309285894, 0.30852957561117406, 0.28913985744059456, 0.2712043681327891, 0.25461404052305114, 0.2392679874840269, 0.22507288842291417, 0.2119424217913707, 0.1997967401571798, 0.18856198464554114, 0.17816983579726411, 0.16855709811259748, 0.15966531575427123, 0.15144041707281056, 0.14383238579245122, 0.13679495685811122, 0.13028533509383963, 0.12426393496188197, 0.1186941398398151, 0.11354207935189767, 0.10877642340056885, 0.10436819164558499, 0.10029057727222047, 0.09651878397685422, 0.09302987517863669, 0.08980263454028199, 0.08681743694980061, 0.08405612917860239, 0.08150191949024128, 0.07913927552850467, 0.07695382986389597, 0.07493229262413073, 0.07306237067734586, 0.07133269287656797, 0.06973274091084672, 0.06825278534255294, 0.06688382644187973, 0.06561753945875562, 0.06444622399936457, 0.06336275719942666, 0.06236055040948305, 0.061433509128784175, 0.0605759959441368, 0.05978279624833712, 0.059049086529721614, 0.05837040504000155, 0.057742624662009814, 0.05716192781236681, 0.05662478322644646, 0.0561279244844696, 0.05566833014814051, 0.05524320538703563, 0.054849964983013214, 0.054486217609292065, 0.05414975128859965, 0.05383851994195883, 0.05355063094631575, 0.05328433362534561, 0.053038008603447984, 0.052810157958192425, 0.052599396111330805, 0.052404441402983594, 0.05222410829776223, 0.05205730017543229, 0.05190300266227692, 0.05176027746260805, 0.05162825665291422, 0.05150613740394727, 0.051393177098652744, 0.05128868881625516, 0.051192037155037326, 0.051102634368410706, 0.05101993679078102, 0.05094344153147346, 0.05087268341661389, 0.05080723216036874, 0.050746689748341865, 0.05069068801721698, 0.0506388864159264, 0.05059096993473256, 0.05054664718962821, 0.05050564865040664, 0.05046772500162665, 0.05043264562650511, 0.05040019720451767, 0.05037018241417924, 0.050342418733116165, 0.0503167373281328, 0.050292982028523156, 0.05027100837638422, 0.050250682748155674, 0.050231881542044256, 0.05021449042639116, 0.05019840364441204, 0.05018352337108133, 0.05016975911825042, 0.0501570271843818, 0.050145250145553336, 0.050134356384636966, 0.05012427965578933, 0.05011495868160526, 0.05010633678048496, 0.05009836152194871, 0.050090984407802644, 0.05008416057721755, 0.050077848533926314, 0.05007200989388191, 0.050066609151840864, 0.05006161346545284, 0.050056992455543924, 0.05005271802137821, 0.05004876416977489, 0.050045106857041825, 0.05004172384276374, 0.0500385945545565, 0.0500356999629648, 0.05003302246574249, 0.05003054578081183, 0.050028254847250965, 0.05002613573370718, 0.05002417555367917, 0.05002236238715327, 0.050020685208116776, 0.05001913381750805, 0.05001769878119496, 0.05001637137260534, 0.05001514351965998, 0.05001400775568548, 0.050012957174009096, 0.050011985385958406, 0.050011086482011566, 0.05001025499586068, 0.05000948587117115, 0.05000877443083333, 0.05000811634852082, 0.050007507622381785, 0.05000694455070316, 0.05000642370940043, 0.050005941931195425, 0.05000549628635575, 0.050005084064879086, 0.05000470276001316, 0.05000435005301216, 0.05000402379903626, 0.05000372201410854, 0.050003442863050404, 0.05000318464832165, 0.0500029457996975, 0.05000272486472019, 0.050002520499866185, 0.0500023314623762, 0.050002156602698015, 0.05000199485749567, 0.05000184524318351, 0.05000170684994475, 0.05000157883619888, 0.05000146042348398, 0.05000135089172266, 0.05000124957484347, 0.05000115585673021, 0.05000106916747544, 0.050000988979914784, 0.05000091480642117, 0.0500008461959396, 0.05000078273124413, 0.050000724026400815, 0.05000066972442074, 0.0500006194950892, 0.0500005730329575, 0.050000530055485694, 0.050000490301324266, 0.05000045352872495, 0.05000041951407057, 0.05000038805051527, 0.05000035894672665, 0.05000033202572215, 0.050000307123792984, 0.05000028408950852, 0.05000026278279536, 0.050000243074085744, 0.05000022484352929, 0.05000020798026459, 0.050000192381744746, 0.0500001779531139, 0.05000016460663036, 0.05000015226113309, 0.050000140841548094, 0.05000013027843199, 0.050000120507549595, 0.05000011146948336, 0.050000103109272116, 0.05000009537607671, 0.05000008822287095, 0.05000008160615564, 0.05000007548569397, 0.05000006982426692, 0.050000064587446894, 0.050000059743388385, 0.05000005526263425, 0.0500000511179367, 0.050000047284091444, 0.050000043737784564, 0.05000004045745072, 0.05000003742314192, 0.050000034616406286, 0.05000003202017581, 0.05000002961866264, 0.05000002739726294, 0.050000025342468224, 0.050000023441783115, 0.050000021683649365, 0.050000020057375666, 0.05000001855307248, 0.05000001716159206, 0.05000001587447265, 0.05000001468388719, 0.05000001358259566, 0.05000001256390098, 0.0500000116216084, 0.05000001074998778, 0.05000000994373869, 0.050000009197958294, 0.05000000850811143, 0.05000000787000307, 0.05000000727975284, 0.05000000673377138, 0.050000006228738535, 0.05000000576158314, 0.05000000532946439, 0.05000000492975455, 0.050000004560022966, 0.050000004218021254, 0.050000003901669664, 0.050000003609044434, 0.050000003338366086, 0.05000000308798863], "best": {"step": 207, "duration": 3325}}