{"episode_durations": [13, 25, 17, 21, 14, 16, 15, 9, 17, 23, 10, 39, 13, 9, 12, 13, 18, 9, 9, 11, 11, 11, 12, 9, 8, 10, 12, 11, 9, 12, 10, 9, 9, 9, 9, 10, 10, 10, 12, 9, 12, 10, 12, 9, 13, 8, 9, 10, 9, 9, 9, 10, 8, 11, 10, 9, 10, 10, 9, 9, 10, 10, 9, 9, 10, 9, 10, 10, 8, 10, 8, 8, 9, 10, 10, 9, 10, 9, 9, 10, 9, 13, 8, 9, 8, 9, 10, 10, 10, 9, 11, 9, 8, 9, 9, 9, 8, 11, 9, 10, 12, 10, 10, 10, 9, 12, 11, 9, 9, 11, 9, 10, 12, 10, 9, 9, 11, 11, 10, 8, 10, 10, 8, 11, 11, 10, 11, 11, 12, 10, 9, 10, 10, 11, 24, 10, 9, 10, 9, 9, 9, 10, 10, 10, 10, 9, 10, 8, 9, 8, 8, 8, 10, 8, 10, 10, 9, 9, 10, 9, 11, 224, 103, 307, 79, 88, 98, 124, 391, 271, 150, 147, 163, 175, 144, 212, 190, 280, 171, 193, 268, 245, 275, 158, 194, 191, 302, 228, 271, 268, 331, 178, 243, 197, 188, 206, 416, 177, 208, 340, 199, 257, 253, 261, 268, 346, 339, 236, 223, 233, 221, 217, 345, 231, 241, 330, 308, 287, 336, 292, 309, 327, 372, 408, 413, 391, 348, 385, 315, 297, 285, 294, 305, 252, 289, 267, 281, 277, 299, 264, 259, 286, 292, 291, 261, 286, 324, 280, 284, 339, 286, 361, 322, 325, 356, 358, 354, 357, 422, 375, 530, 560, 465, 538, 706, 421, 283, 770, 233, 261, 281], "episode_eps": [0.9499999999999997, 0.8825000000009, 0.820062500001665, 0.7623078125023103, 0.7088847265653494, 0.659468372073607, 0.613758244168696, 0.5714763758566076, 0.5323656476678834, 0.49618822409327434, 0.4627241072867251, 0.43176979924063347, 0.4031370642979678, 0.3766517844759733, 0.35215290064060195, 0.32949143309285894, 0.30852957561117406, 0.28913985744059456, 0.2712043681327891, 0.25461404052305114, 0.2392679874840269, 0.2250728884229142, 0.2119424217913707, 0.1997967401571798, 0.18856198464554114, 0.17816983579726414, 0.16855709811259748, 0.1596653157542712, 0.15144041707281056, 0.14383238579245125, 0.13679495685811122, 0.13028533509383966, 0.12426393496188198, 0.11869413983981508, 0.11354207935189765, 0.10877642340056885, 0.104368191645585, 0.10029057727222049, 0.09651878397685422, 0.09302987517863669, 0.08980263454028199, 0.08681743694980062, 0.08405612917860239, 0.08150191949024127, 0.07913927552850467, 0.07695382986389597, 0.07493229262413073, 0.07306237067734586, 0.07133269287656799, 0.06973274091084672, 0.06825278534255294, 0.06688382644187973, 0.06561753945875563, 0.06444622399936459, 0.06336275719942666, 0.062360550409483045, 0.06143350912878418, 0.0605759959441368, 0.05978279624833712, 0.059049086529721614, 0.05837040504000155, 0.057742624662009814, 0.05716192781236681, 0.05662478322644646, 0.05612792448446959, 0.05566833014814051, 0.05524320538703563, 0.054849964983013214, 0.054486217609292065, 0.05414975128859965, 0.053838519941958825, 0.05355063094631575, 0.05328433362534562, 0.053038008603447984, 0.052810157958192425, 0.052599396111330805, 0.052404441402983594, 0.05222410829776223, 0.05205730017543229, 0.05190300266227692, 0.051760277462608056, 0.05162825665291423, 0.05150613740394727, 0.05139317709865274, 0.051288688816255174, 0.051192037155037326, 0.05110263436841071, 0.05101993679078102, 0.05094344153147347, 0.05087268341661389, 0.05080723216036873, 0.05074668974834188, 0.05069068801721698, 0.0506388864159264, 0.05059096993473256, 0.05054664718962821, 0.05050564865040664, 0.050467725001626655, 0.05043264562650512, 0.050400197204517674, 0.05037018241417924, 0.050342418733116165, 0.0503167373281328, 0.050292982028523156, 0.050271008376384214, 0.050250682748155674, 0.05023188154204425, 0.05021449042639116, 0.05019840364441203, 0.05018352337108133, 0.05016975911825042, 0.050157027184381794, 0.05014525014555334, 0.050134356384636966, 0.05012427965578933, 0.05011495868160526, 0.05010633678048497, 0.05009836152194871, 0.050090984407802665, 0.05008416057721755, 0.050077848533926314, 0.05007200989388192, 0.05006660915184085, 0.05006161346545286, 0.05005699245554395, 0.050052718021378215, 0.05004876416977489, 0.05004510685704184, 0.05004172384276374, 0.05003859455455649, 0.0500356999629648, 0.05003302246574247, 0.05003054578081183, 0.05002825484725096, 0.05002613573370717, 0.05002417555367916, 0.05002236238715325, 0.050020685208116776, 0.05001913381750804, 0.050017698781194955, 0.05001637137260535, 0.050015143519659966, 0.050014007755685486, 0.05001295717400909, 0.05001198538595843, 0.05001108648201155, 0.05001025499586069, 0.050009485871171155, 0.050008774430833326, 0.050008116348520835, 0.050007507622381785, 0.050006944550703154, 0.05000642370940043, 0.050005941931195404, 0.050005496286355755, 0.05000508406487908, 0.050004702760013155, 0.05000435005301217, 0.050004023799036255, 0.05000372201410855, 0.050003442863050404, 0.050003184648321646, 0.0500029457996975, 0.0500027248647202, 0.05000252049986617, 0.05000233146237621, 0.050002156602698015, 0.05000199485749568, 0.05000184524318352, 0.05000170684994475, 0.05000157883619888, 0.050001460423483975, 0.050001350891722654, 0.050001249574843455, 0.05000115585673021, 0.05000106916747545, 0.0500009889799148, 0.050000914806421166, 0.050000846195939606, 0.05000078273124412, 0.0500007240264008, 0.05000066972442075, 0.05000061949508921, 0.05000057303295752, 0.050000530055485694, 0.05000049030132428, 0.050000453528724946, 0.05000041951407059, 0.05000038805051528, 0.05000035894672664, 0.05000033202572215, 0.050000307123792984, 0.050000284089508504, 0.05000026278279535, 0.05000024307408573, 0.05000022484352929, 0.050000207980264604, 0.05000019238174476, 0.05000017795311388, 0.05000016460663036, 0.05000015226113308, 0.0500001408415481, 0.050000130278431976, 0.05000012050754959, 0.05000011146948336, 0.05000010310927212, 0.050000095376076706, 0.05000008822287094, 0.05000008160615564, 0.05000007548569397, 0.05000006982426694, 0.05000006458744689, 0.050000059743388385, 0.05000005526263426, 0.0500000511179367, 0.05000004728409145, 0.050000043737784564, 0.05000004045745072, 0.05000003742314192, 0.050000034616406286, 0.05000003202017582, 0.05000002961866264, 0.05000002739726294, 0.050000025342468196, 0.05000002344178311, 0.05000002168364936, 0.05000002005737565, 0.05000001855307247, 0.05000001716159207, 0.050000015874472656, 0.0500000146838872, 0.050000013582595655, 0.05000001256390098, 0.0500000116216084, 0.05000001074998778, 0.05000000994373869, 0.05000000919795828, 0.050000008508111426, 0.050000007870003076, 0.05000000727975284, 0.05000000673377137, 0.05000000622873853, 0.05000000576158314, 0.05000000532946441, 0.05000000492975456, 0.050000004560022966, 0.050000004218021254, 0.05000000390166965, 0.050000003609044434, 0.050000003338366086, 0.050000003087988645, 0.050000002856389496, 0.05000000264216029, 0.05000000244399827, 0.050000002260698395, 0.050000002091146, 0.050000001934310076, 0.05000000178923682, 0.05000000165504405, 0.05000000153091576, 0.05000000141609706, 0.05000000130988979, 0.05000000121164805, 0.05000000112077445, 0.05000000103671635, 0.05000000095896263, 0.05000000088704044, 0.050000000820512404, 0.05000000075897396, 0.05000000070205092, 0.05000000064939712], "best": {"step": 267, "duration": 770}}